customer_id,gross_revenue,recency_days,purchases_quantity,qt_items,qt_returns,purchased_returned_diff,cluster
12583,6705.38,2.0,15.0,5028.0,50.0,8.512783482927537,insiders
15291,4623.3,25.0,14.0,2102.0,29.0,7.636752112435779,insiders
14688,5630.87,7.0,21.0,3621.0,399.0,8.07775756373692,insiders
17809,5411.91,16.0,12.0,2057.0,41.0,7.60887062919126,insiders
15311,60767.9,0.0,91.0,38194.0,474.0,10.537945736747394,insiders
16029,72882.09,38.0,62.0,40207.0,8004.0,10.379814894894523,insiders
12431,6382.45,35.0,15.0,2899.0,50.0,7.954723334497908,insiders
17511,91062.38,2.0,31.0,64549.0,1535.0,11.051112202908191,insiders
13408,28117.04,1.0,62.0,16232.0,104.0,9.688312170871095,insiders
13767,17220.36,2.0,37.0,7322.0,64.0,8.889859587773016,insiders
15513,14758.220000000001,33.0,19.0,5709.0,164.0,8.620651899784468,insiders
16218,3084.68,29.0,7.0,2088.0,11.0,7.638679823876112,insiders
14307,2995.72,88.0,6.0,2058.0,0.0,7.629489916393995,insiders
17920,4192.2,4.0,17.0,2514.0,0.0,7.829630389150193,insiders
13694,65039.62,3.0,50.0,63312.0,1504.0,11.031788084906063,insiders
14849,7930.54,21.0,25.0,5694.0,38.0,8.640472207576408,insiders
16210,21076.3,1.0,17.0,7558.0,0.0,8.930361883909434,insiders
17377,4100.92,23.0,20.0,2076.0,1.0,7.637716432664798,insiders
12748,32317.32,0.0,206.0,25511.0,1535.0,10.084808608996498,insiders
12662,3543.78,0.0,11.0,2041.0,18.0,7.612336837167746,insiders
12433,13375.87,0.0,7.0,11071.0,0.0,9.312084355859467,insiders
14911,136275.72,1.0,198.0,80179.0,3331.0,11.249584723904606,insiders
17841,40967.72,1.0,124.0,23053.0,203.0,10.036706396322352,insiders
12472,6068.11,32.0,7.0,4120.0,128.0,8.292047637431354,insiders
13093,7832.47,275.0,8.0,3961.0,18.0,8.279697133877628,insiders
12921,16587.09,9.0,37.0,9526.0,72.0,9.154193211353181,insiders
13468,5704.97,1.0,37.0,2589.0,8.0,7.855932199718614,insiders
16928,2839.65,80.0,17.0,2113.0,20.0,7.646353722445999,insiders
13777,25977.16,0.0,33.0,12897.0,90.0,9.457747175426071,insiders
18229,7276.900000000001,11.0,20.0,2488.0,0.0,7.81923445385907,insiders
14606,12021.65,1.0,91.0,6215.0,245.0,8.694502206386648,insiders
13576,6717.34,10.0,18.0,2646.0,6.0,7.878534196140362,insiders
13090,8895.82,8.0,13.0,2262.0,69.0,7.693025748417888,insiders
14092,4076.91,7.0,14.0,2066.0,5.0,7.630946580890459,insiders
13941,5112.96,21.0,5.0,2364.0,57.0,7.7437032581737535,insiders
17017,8694.26,2.0,20.0,6673.0,60.0,8.796792687674662,insiders
14135,4690.31,1.0,15.0,3850.0,0.0,8.25582842728183,insiders
12471,17424.05,2.0,27.0,8104.0,246.0,8.969287400118406,insiders
15601,6776.56,11.0,14.0,4983.0,5.0,8.512783482927537,insiders
13418,6127.43,11.0,18.0,3918.0,79.0,8.252967195000798,insiders
18041,4183.39,11.0,21.0,3819.0,9.0,8.245384468120747,insiders
15955,4416.26,24.0,14.0,2135.0,11.0,7.66105638236183,insiders
14390,4652.82,10.0,9.0,2136.0,11.0,7.661527081358517,insiders
14060,6140.42,4.0,19.0,5386.0,12.0,8.589327789175437,insiders
15544,3546.71,9.0,9.0,3109.0,4.0,8.040768994367578,insiders
15738,4812.42,18.0,16.0,2982.0,15.0,7.995306620290822,insiders
17381,20275.61,8.0,29.0,25649.0,3.0,10.152142893019061,insiders
15838,33643.08,11.0,19.0,18368.0,9360.0,9.105868350379472,insiders
16186,4006.94,22.0,12.0,3020.0,12.0,8.00903068506973,insiders
17581,11045.04,0.0,25.0,5927.0,66.0,8.676075516476429,insiders
17567,4331.48,7.0,8.0,2632.0,204.0,7.794823152179389,insiders
15061,54534.14,3.0,48.0,28920.0,282.0,10.262489786233951,insiders
15640,12515.66,4.0,15.0,6607.0,35.0,8.790573479157159,insiders
14031,17286.86,7.0,19.0,5788.0,417.0,8.58876938990546,insiders
12971,11189.91,3.0,86.0,9289.0,85.0,9.127393451155257,insiders
15299,3907.01,67.0,6.0,2947.0,5.0,7.9868449011613825,insiders
14156,116729.63,9.0,54.0,57872.0,859.0,10.951034590988078,insiders
17757,5601.34,1.0,30.0,3319.0,4.0,8.106212902619962,insiders
13798,37153.85,1.0,57.0,23948.0,434.0,10.065351267427687,insiders
16754,2002.4,372.0,1.0,4280.0,0.0,8.361708288575842,insiders
15093,4597.02,18.0,6.0,3760.0,27.0,8.224967478914584,insiders
17396,7312.8,39.0,7.0,2004.0,0.0,7.602900462204755,insiders
18225,5509.12,3.0,12.0,3244.0,38.0,8.072779333169498,insiders
12841,4022.35,4.0,25.0,2757.0,74.0,7.894690850425624,insiders
14680,28754.11,25.0,16.0,13476.0,1002.0,9.431401757086068,insiders
12557,11990.960000000001,16.0,5.0,4384.0,0.0,8.385716828627851,insiders
13013,4810.9400000000005,1.0,13.0,2224.0,7.0,7.7039102096163115,insiders
16013,37130.6,3.0,47.0,15536.0,1594.0,9.542661146046344,insiders
17949,58030.48,1.0,44.0,30450.0,2878.0,10.224556044005542,insiders
12779,3981.36,37.0,8.0,2024.0,28.0,7.59890045687141,insiders
12682,11028.22,3.0,31.0,5505.0,0.0,8.61341204915678,insiders
17954,2332.72,5.0,12.0,2234.0,5.0,7.709308333385869,insiders
15769,56252.72,7.0,26.0,29672.0,2012.0,10.227742605218749,insiders
12395,2682.63,19.0,12.0,2097.0,5.0,7.645875825184813,insiders
13081,28337.38,11.0,11.0,19068.0,138.0,9.848503244203368,insiders
17243,8668.45,1.0,26.0,3366.0,8.0,8.119100837637486,insiders
13089,58825.83,2.0,97.0,31070.0,283.0,10.33484780193963,insiders
16033,8816.4,5.0,20.0,3539.0,23.0,8.165079258805068,insiders
18055,6784.1900000000005,7.0,10.0,2455.0,5.0,7.803843303538772,insiders
18109,8052.97,1.0,26.0,4237.0,18.0,8.347353412124338,insiders
13069,4436.12,0.0,24.0,5885.0,419.0,8.606302366488013,insiders
14800,4339.74,47.0,12.0,3655.0,21.0,8.198089248956116,insiders
16839,16594.35,8.0,34.0,8975.0,504.0,9.044403844431551,insiders
16931,4604.22,5.0,21.0,3158.0,0.0,8.057694194815587,insiders
16814,6499.2,14.0,21.0,2763.0,1.0,7.923710333969238,insiders
13269,5346.2300000000005,1.0,15.0,3514.0,5.0,8.163086375583216,insiders
12567,8609.28,22.0,10.0,4261.0,216.0,8.305236829492593,insiders
16353,6675.71,3.0,23.0,2006.0,0.0,7.603897968521881,insiders
18118,5651.42,10.0,26.0,2870.0,5.0,7.9603236291488395,insiders
16327,3813.62,14.0,6.0,2535.0,0.0,7.837948916025283,insiders
15570,4165.52,7.0,12.0,2067.0,9.0,7.629489916393995,insiders
17858,5155.66,5.0,12.0,2706.0,0.0,7.903226808730733,insiders
14527,8507.82,2.0,55.0,2087.0,4.0,7.641564441260972,insiders
17863,3160.0,59.0,6.0,2638.0,0.0,7.87777633327726,insiders
15023,6783.86,3.0,11.0,2862.0,8.0,7.956476798036782,insiders
15867,3806.1,5.0,15.0,2041.0,2.0,7.620214770574455,insiders
15555,4802.18,12.0,16.0,4409.0,28.0,8.385032287813898,insiders
12720,5115.7300000000005,2.0,25.0,4635.0,17.0,8.43771698991444,insiders
16422,34684.4,17.0,51.0,33704.0,120.0,10.421805042060415,insiders
15502,6923.98,15.0,10.0,4232.0,407.0,8.249313746260636,insiders
17677,16363.23,1.0,30.0,9775.0,50.0,9.182455168486648,insiders
17428,17256.85,0.0,28.0,9474.0,39.0,9.152181457802651,insiders
16161,5575.56,1.0,19.0,2599.0,58.0,7.840312983320164,insiders
15039,19914.44,9.0,47.0,9209.0,18.0,9.12598002335811,insiders
14189,4654.08,2.0,15.0,3937.0,18.0,8.273591798199632,insiders
12474,6745.79,17.0,18.0,4812.0,83.0,8.461469042643875,insiders
15301,5070.35,50.0,12.0,2775.0,7.0,7.92588031673756,insiders
17596,2827.93,23.0,7.0,4400.0,0.0,8.389359819906353,insiders
15078,9743.11,7.0,32.0,5105.0,36.0,8.53089883847235,insiders
14085,4448.54,2.0,18.0,3184.0,1.0,8.065579427282092,insiders
16722,4730.81,17.0,13.0,5001.0,12.0,8.514990767861038,insiders
14667,9236.95,10.0,25.0,5384.0,3.0,8.59062950948942,insiders
17068,4545.89,12.0,21.0,2159.0,10.0,7.67275789664251,insiders
15194,7616.53,3.0,15.0,5703.0,55.0,8.639056779173078,insiders
17450,194550.79,8.0,46.0,69993.0,952.0,11.142455810009308,insiders
12681,12365.54,14.0,22.0,7457.0,15.0,8.914894908906568,insiders
17735,13110.02,2.0,19.0,8439.0,0.0,9.040619097157967,insiders
14733,9585.91,16.0,12.0,3764.0,39.0,8.22282213081366,insiders
13756,5189.52,2.0,14.0,3188.0,24.0,8.059592328887545,insiders
13319,10845.550000000001,5.0,26.0,4724.0,38.0,8.452334619067742,insiders
17491,3558.87,1.0,10.0,2013.0,1.0,7.60688453121963,insiders
14282,3729.34,3.0,15.0,2668.0,0.0,7.889084407035514,insiders
13488,8968.31,17.0,13.0,4518.0,6.0,8.414495793177895,insiders
17675,20374.28,1.0,31.0,8360.0,82.0,9.021356672308677,insiders
16904,3750.4700000000003,4.0,16.0,2024.0,0.0,7.6128310304073565,insiders
12347,4310.0,2.0,7.0,2458.0,0.0,7.80710329012598,insiders
14739,3902.28,4.0,7.0,3820.0,3.0,8.247220052745229,insiders
18399,11540.34,367.0,1.0,2200.0,0.0,7.696212639346407,insiders
12839,5591.42,2.0,14.0,3807.0,2.0,8.244071270295786,insiders
18102,259657.3,0.0,60.0,64124.0,0.0,11.068573987809565,insiders
13078,12627.94,3.0,26.0,5630.0,73.0,8.622813673279921,insiders
13050,5833.11,14.0,17.0,3747.0,41.0,8.217708406845306,insiders
12709,9430.52,15.0,15.0,3919.0,103.0,8.246958032568177,insiders
14796,8020.93,1.0,17.0,6021.0,83.0,8.689127655323706,insiders
16779,10629.720000000001,2.0,22.0,5325.0,89.0,8.56331312702979,insiders
13599,5153.67,1.0,21.0,3294.0,124.0,8.061486866871327,insiders
13199,9802.12,3.0,37.0,6175.0,4.0,8.727616178321068,insiders
14032,2975.59,2.0,11.0,2032.0,24.0,7.60489448081162,insiders
17706,10504.49,4.0,17.0,3899.0,66.0,8.251403065380556,insiders
16525,13027.45,2.0,26.0,7397.0,904.0,8.778479952508487,insiders
14952,8099.49,59.0,11.0,3355.0,60.0,8.100161446936607,insiders
13126,2099.64,4.0,8.0,2143.0,13.0,7.6638772587034705,insiders
16558,8338.49,0.0,20.0,5377.0,31.0,8.584103896698863,insiders
16713,6923.13,18.0,15.0,4276.0,12.0,8.357962965845681,insiders
15529,3992.68,22.0,11.0,3495.0,7.0,8.15708378502887,insiders
15498,13316.4,2.0,27.0,6105.0,15.0,8.714403360703942,insiders
14051,15610.390000000001,0.0,23.0,3756.0,15.0,8.227108234348146,insiders
15032,4959.1,256.0,3.0,2968.0,300.0,7.889084407035514,insiders
13113,12245.960000000001,0.0,24.0,3045.0,449.0,7.86172707782398,insiders
16553,5719.82,163.0,12.0,4600.0,5.0,8.432724034789787,insiders
14299,3965.62,8.0,9.0,2149.0,136.0,7.607381425639791,insiders
12766,6457.63,3.0,7.0,3627.0,0.0,8.196161139282902,insiders
15298,4799.9,2.0,12.0,3116.0,364.0,7.920083199053234,insiders
15005,6314.87,15.0,28.0,4245.0,43.0,8.343315881404946,insiders
14866,14353.4,10.0,11.0,6751.0,183.0,8.789964651132264,insiders
13848,1255.0,92.0,3.0,3700.0,0.0,8.216088098632316,insiders
17340,12353.29,29.0,11.0,5967.0,64.0,8.683215975240689,insiders
16700,5076.55,8.0,13.0,4024.0,5.0,8.2987883944492,insiders
16011,3362.71,8.0,16.0,2042.0,0.0,7.621684998724611,insiders
18092,9068.26,2.0,11.0,4252.0,2.0,8.354674261918463,insiders
15358,8347.2,4.0,22.0,7050.0,123.0,8.843182098022606,insiders
12481,5020.32,22.0,10.0,3272.0,14.0,8.08886878916199,insiders
12621,12411.67,1.0,20.0,7369.0,36.0,8.9001399880938,insiders
12683,7612.57,4.0,14.0,4934.0,84.0,8.48673398393153,insiders
13854,8109.5199999999995,8.0,25.0,2296.0,18.0,7.731053144007127,insiders
17857,25301.54,4.0,22.0,14822.0,170.0,9.592332123898705,insiders
15856,16386.31,4.0,27.0,11002.0,64.0,9.299998243906717,insiders
13102,6424.09,1.0,24.0,4204.0,44.0,8.333270353255308,insiders
17576,3622.68,8.0,19.0,1994.0,40.0,7.577633832602728,insiders
13969,9053.94,7.0,18.0,4542.0,59.0,8.40804774415544,insiders
15805,5528.4800000000005,23.0,17.0,3387.0,50.0,8.112827478751374,insiders
16265,5347.0,9.0,9.0,2644.0,19.0,7.872836175025724,insiders
12731,18751.91,23.0,12.0,8429.0,70.0,9.031094081699155,insiders
16656,8625.8,22.0,15.0,8894.0,21.0,9.090768236835338,insiders
12989,6924.110000000001,3.0,15.0,2943.0,28.0,7.977625098784593,insiders
15514,4139.46,12.0,11.0,2160.0,369.0,7.490529402060711,insiders
17865,10524.220000000001,30.0,20.0,5756.0,59.0,8.647694999480395,insiders
18484,12633.67,364.0,1.0,2229.0,0.0,7.709308333385869,insiders
16873,7123.62,4.0,6.0,3840.0,15.0,8.249313746260636,insiders
14062,10464.85,9.0,12.0,5593.0,0.0,8.629271094821588,insiders
16923,7247.61,12.0,19.0,3417.0,234.0,8.065579427282092,insiders
14159,4690.64,19.0,11.0,4405.0,13.0,8.387539983189367,insiders
12753,21429.39,22.0,6.0,11421.0,171.0,9.328123407632566,insiders
12875,343.2300000000001,143.0,2.0,2019.0,0.0,7.610357618312838,insiders
13668,6363.59,2.0,21.0,3742.0,105.0,8.19891444498699,insiders
15547,4954.84,7.0,14.0,4032.0,0.0,8.302017809751204,insiders
15998,3089.97,36.0,5.0,2041.0,4.0,7.619233416226805,insiders
15044,7700.2300000000005,19.0,17.0,2795.0,9.0,7.932362154339751,insiders
14505,5905.64,17.0,8.0,2759.0,16.0,7.916807490937603,insiders
13198,3401.2400000000002,10.0,6.0,2648.0,3.0,7.8804263442924,insiders
12540,11580.24,19.0,17.0,6620.0,8.0,8.796641458940915,insiders
13225,6463.84,3.0,7.0,3416.0,64.0,8.117312461601975,insiders
13209,5891.61,30.0,8.0,4253.0,21.0,8.350429973538136,insiders
13999,3901.81,10.0,12.0,2243.0,12.0,7.7102051944325325,insiders
16701,5398.3,8.0,13.0,6393.0,182.0,8.734077192559303,insiders
17338,6635.14,17.0,8.0,3113.0,4.0,8.042056410058754,insiders
17611,3984.22,7.0,15.0,2560.0,8.0,7.844632644464681,insiders
12476,5898.42,15.0,11.0,2357.0,71.0,7.734558844354756,insiders
15159,18641.010000000002,1.0,30.0,11441.0,47.0,9.34084218004034,insiders
14525,4332.2,19.0,9.0,2696.0,22.0,7.891330757661889,insiders
13324,7121.95,36.0,10.0,5205.0,5.0,8.556413904569519,insiders
13802,4599.42,138.0,3.0,2572.0,291.0,7.732369222284388,insiders
16570,3738.4,15.0,10.0,2112.0,62.0,7.6255950721324535,insiders
14961,7044.68,10.0,9.0,3708.0,16.0,8.213923595622743,insiders
16458,3482.7400000000002,2.0,18.0,2154.0,0.0,7.675081857716334,insiders
14057,6217.96,23.0,17.0,4876.0,168.0,8.457018468380168,insiders
13178,5725.47,26.0,11.0,3570.0,0.0,8.180320874773685,insiders
16191,5180.52,2.0,13.0,3351.0,147.0,8.07215530818825,insiders
12370,3425.69,51.0,4.0,2350.0,0.0,7.762170607138205,insiders
14298,51527.3,8.0,44.0,58343.0,322.0,10.968560292962923,insiders
14415,5900.28,1.0,13.0,3011.0,38.0,7.997326822998097,insiders
17404,31781.82,4.0,13.0,32744.0,424.0,10.383441512635033,insiders
13097,6010.42,32.0,10.0,2363.0,21.0,7.758760544157663,insiders
12867,4036.82,26.0,7.0,4298.0,23.0,8.360539381370861,insiders
18505,12681.58,360.0,1.0,2150.0,0.0,7.673223121121708,insiders
14401,4051.48,4.0,13.0,4507.0,2.0,8.412943170042439,insiders
16145,3799.4900000000002,8.0,11.0,3123.0,51.0,8.030084094267563,insiders
13458,9646.57,7.0,14.0,5508.0,48.0,8.605204068738951,insiders
14426,4481.67,23.0,10.0,2699.0,360.0,7.757478766584179,insiders
13426,3641.32,0.0,10.0,2245.0,20.0,7.707512194600341,insiders
13124,3866.33,89.0,3.0,2147.0,0.0,7.671826797878781,insiders
15727,5178.96,16.0,7.0,3065.0,0.0,8.027802848370312,insiders
15290,7943.22,4.0,18.0,4501.0,70.0,8.39638057119949,insiders
15615,10399.74,10.0,23.0,5508.0,15.0,8.61122983334262,insiders
13266,3834.2599999999998,11.0,12.0,4428.0,129.0,8.366137716496281,insiders
16607,3347.71,17.0,14.0,2859.0,37.0,7.945201132412759,insiders
17001,3989.57,0.0,11.0,2164.0,0.0,7.679713639966372,insiders
15482,11014.96,15.0,11.0,5019.0,2022.0,8.005367067316664,insiders
16670,4095.9,16.0,11.0,2556.0,32.0,7.8336002236611035,insiders
16705,14034.99,0.0,20.0,5476.0,18.0,8.604837701268284,insiders
14414,1496.98,91.0,7.0,2512.0,3.0,7.827639546366422,insiders
16746,6697.66,4.0,18.0,4665.0,3.0,8.447199819595703,insiders
16743,2238.09,29.0,7.0,2047.0,37.0,7.605890001053122,insiders
15379,3703.29,169.0,7.0,2305.0,12.0,7.737616282857904,insiders
14709,4921.04,15.0,13.0,2484.0,2.0,7.8168199657645525,insiders
15157,1936.07,3.0,3.0,2392.0,149.0,7.715569534520208,insiders
17744,2322.4,3.0,6.0,3412.0,0.0,8.13505390861157,insiders
13534,5870.08,2.0,25.0,2961.0,85.0,7.964155718840937,insiders
14735,6050.69,3.0,31.0,2263.0,104.0,7.677400430514807,insiders
18223,6484.54,4.0,14.0,2948.0,57.0,7.969357742016346,insiders
16684,66653.56,4.0,28.0,50255.0,864.0,10.807523500343269,insiders
16945,4345.5,21.0,19.0,2725.0,0.0,7.9102237070973445,insiders
12348,1437.24,75.0,4.0,2332.0,0.0,7.754481547470383,insiders
13004,5655.91,11.0,18.0,4822.0,26.0,8.475537516147405,insiders
12931,42055.96,21.0,15.0,28004.0,4427.0,10.068026939534285,insiders
14769,10673.1,2.0,8.0,7435.0,30.0,8.909910726701899,insiders
17315,6252.18,1.0,36.0,3862.0,32.0,8.250620082174692,insiders
12726,2411.1,28.0,7.0,3132.0,0.0,8.049427057110695,insiders
14016,4291.21,161.0,4.0,2124.0,1.0,7.660585461703256,insiders
14146,4191.0,8.0,5.0,2437.0,551.0,7.542213463193403,insiders
12705,6382.29,15.0,8.0,3970.0,24.0,8.28045768658256,insiders
16686,3062.83,47.0,7.0,2030.0,5.0,7.613324979540639,insiders
14646,279138.02,1.0,72.0,196844.0,288.0,12.188702656967646,insiders
14099,3104.17,16.0,11.0,2179.0,2.0,7.685703061234547,insiders
13027,6912.0,113.0,6.0,17280.0,0.0,9.757305042358047,insiders
15034,4308.61,15.0,8.0,2422.0,11.0,7.787796878181171,insiders
17306,8631.31,10.0,19.0,11491.0,21.0,9.347490210123416,insiders
12678,16331.46,42.0,9.0,10900.0,24.0,9.294313805752362,insiders
18584,18745.86,353.0,1.0,2853.0,0.0,7.9561263512135,insiders
17593,3927.34,3.0,5.0,3101.0,6.0,8.037543185118697,insiders
13953,3515.68,7.0,7.0,2724.0,0.0,7.909856667269403,insiders
14533,1949.72,24.0,7.0,4019.0,1242.0,7.9291264873067995,insiders
14944,5900.25,29.0,12.0,2815.0,14.0,7.937731775260109,insiders
18597,4634.59,351.0,1.0,2319.0,0.0,7.7488913372555315,insiders
12957,4017.54,9.0,8.0,2549.0,18.0,7.836369760545124,insiders
14221,3432.8,42.0,9.0,2191.0,1.0,7.691656822810547,insiders
17389,31833.68,0.0,34.0,7612.0,170.0,8.914894908906568,insiders
13629,7792.36,23.0,11.0,4372.0,0.0,8.382975849296429,insiders
16532,6748.8,17.0,3.0,2016.0,0.0,7.60887062919126,insiders
15046,5194.82,9.0,15.0,3450.0,144.0,8.10349427838097,insiders
13082,3613.63,126.0,9.0,4324.0,11.0,8.369388996647842,insiders
18226,5228.05,44.0,11.0,3466.0,7.0,8.148734808937169,insiders
12415,124564.53,24.0,20.0,77373.0,427.0,11.250859156109557,insiders
14258,12669.98,9.0,9.0,7100.0,2.0,8.867568333206442,insiders
15719,5043.96,32.0,13.0,2724.0,1.0,7.909489492673759,insiders
14828,2139.76,196.0,3.0,2172.0,0.0,7.683403681053826,insiders
18198,5425.56,4.0,17.0,4074.0,235.0,8.252967195000798,insiders
12484,3953.72,35.0,4.0,2170.0,6.0,7.679713639966372,insiders
13183,3957.78,7.0,9.0,2208.0,0.0,7.699842407396986,insiders
12939,11581.8,64.0,8.0,4876.0,0.0,8.492080490601163,insiders
14755,5010.28,9.0,11.0,2219.0,2.0,7.7039102096163115,insiders
16549,4154.64,10.0,10.0,2365.0,0.0,7.768533300926033,insiders
13451,2976.15,26.0,5.0,2149.0,6.0,7.669961995473577,insiders
12539,5568.35,22.0,4.0,2067.0,0.0,7.633853559681768,insiders
12500,4059.82,23.0,11.0,2667.0,6.0,7.886457270977689,insiders
12524,3945.72,9.0,8.0,3669.0,0.0,8.207674424355282,insiders
17811,7831.03,4.0,39.0,4176.0,49.0,8.325306029752582,insiders
14321,1530.75,10.0,5.0,2406.0,0.0,7.785720896534624,insiders
16303,5360.63,25.0,3.0,2659.0,38.0,7.8713112033234065,insiders
17365,4796.52,12.0,8.0,4765.0,0.0,8.469052816088302,insiders
15189,16225.39,1.0,41.0,6149.0,114.0,8.705331133531631,insiders
15749,44534.3,235.0,3.0,18028.0,9014.0,9.106534203250593,insiders
13784,2462.79,9.0,11.0,2493.0,0.0,7.821242083523558,insiders
16655,3794.52,17.0,6.0,2367.0,0.0,7.769378609513984,insiders
15939,6115.01,89.0,15.0,4728.0,3.0,8.460622839927844,insiders
12437,4447.41,1.0,18.0,2894.0,5.0,7.968665700466235,insiders
17364,4481.18,0.0,11.0,2701.0,21.0,7.893572073504902,insiders
12490,4859.93,5.0,10.0,3033.0,0.0,8.017307507688582,insiders
14329,5014.84,17.0,7.0,3095.0,20.0,8.031060180240619,insiders
16401,4098.32,1.0,12.0,3882.0,23.0,8.258163361537619,insiders
13700,2265.12,26.0,10.0,2304.0,0.0,7.742402021815782,insiders
16843,10196.57,42.0,16.0,10159.0,5.0,9.22562299550734,insiders
12626,5954.48,23.0,9.0,3416.0,103.0,8.105609402299896,insiders
13001,9818.82,4.0,13.0,5505.0,8.0,8.61195776786066,insiders
14101,5976.79,73.0,6.0,6942.0,0.0,8.845345196421732,insiders
17730,5298.4800000000005,3.0,13.0,3576.0,9.0,8.17948018535889,insiders
13263,7443.85,1.0,35.0,4774.0,0.0,8.470939806898775,insiders
12451,8995.52,10.0,5.0,6574.0,120.0,8.772455372611907,insiders
17602,5102.97,2.0,6.0,4151.0,16.0,8.327242607457793,insiders
12637,5823.9,67.0,8.0,2991.0,9.0,8.000349495324684,insiders
14895,11138.710000000001,7.0,20.0,4851.0,28.0,8.481151420068972,insiders
14088,50491.81,10.0,13.0,12665.0,72.0,9.440896383005846,insiders
12727,3440.7,10.0,7.0,2068.0,12.0,7.628517626575055,insiders
15218,5756.89,10.0,11.0,3329.0,0.0,8.110427237575024,insiders
14534,4445.4,2.0,18.0,2046.0,122.0,7.562161631225652,insiders
13815,3667.36,22.0,4.0,2540.0,3.0,7.838737559599282,insiders
12744,9120.39,56.0,4.0,5234.0,0.0,8.562931083090092,insiders
16133,14589.04,3.0,33.0,8887.0,150.0,9.075322160298095,insiders
14049,5681.72,16.0,4.0,3870.0,24.0,8.254788926148725,insiders
13098,28882.44,1.0,28.0,15968.0,57.0,9.674765972907856,insiders
16767,5580.6,30.0,11.0,4435.0,0.0,8.39728289474368,insiders
16523,9418.470000000001,1.0,21.0,4265.0,32.0,8.350666240520924,insiders
13709,6328.05,3.0,13.0,3516.0,15.0,8.160803920954665,insiders
18145,2861.55,12.0,4.0,2625.0,0.0,7.872836175025724,insiders
15144,6580.44,8.0,17.0,3050.0,24.0,8.014996894348302,insiders
14776,2538.3,51.0,11.0,3134.0,446.0,7.89655270164304,insiders
13881,17159.52,3.0,20.0,10118.0,56.0,9.216521231051264,insiders
12477,13219.74,22.0,6.0,3653.0,33.0,8.194229304819817,insiders
16745,7194.3,86.0,17.0,6735.0,8.0,8.813884558025606,insiders
13394,2520.02,1.0,8.0,2392.0,176.0,7.703459047867175,insiders
16333,26626.8,7.0,22.0,32184.0,0.0,10.379224713629624,insiders
13871,6403.25,22.0,13.0,2806.0,5.0,7.937731775260109,insiders
12754,3010.74,235.0,3.0,6481.0,0.0,8.776630098427717,insiders
13137,3650.41,10.0,8.0,2226.0,0.0,7.70796153183549,insiders
13911,2580.91,57.0,9.0,2731.0,0.0,7.912423121473705,insiders
14194,11349.52,4.0,21.0,5840.0,57.0,8.662677858158219,insiders
17613,4559.150000000001,22.0,14.0,2496.0,26.0,7.8119734296220225,insiders
17940,2238.58,49.0,9.0,9754.0,0.0,9.185432736269998,insiders
17686,5739.46,7.0,7.0,2478.0,0.0,7.815207062189088,insiders
15114,2760.56,30.0,10.0,3096.0,0.0,8.037866234709618,insiders
18087,3202.9199999999996,290.0,1.0,3906.0,336.0,8.180320874773685,insiders
17512,2924.9900000000002,28.0,10.0,2753.0,1.0,7.920083199053234,insiders
14676,2548.2400000000002,31.0,6.0,2500.0,2.0,7.823245690685523,insiders
13381,3639.31,31.0,6.0,2029.0,2.0,7.614312146452,insiders
12455,2339.86,73.0,5.0,2084.0,0.0,7.642044402873258,insiders
16126,6287.77,29.0,4.0,2125.0,0.0,7.661527081358517,insiders
14609,601.56,72.0,4.0,7026.0,0.0,8.857372832825773,insiders
17422,1979.37,16.0,6.0,2253.0,58.0,7.693937325509272,insiders
12362,4737.23,3.0,10.0,2197.0,17.0,7.687080155783135,insiders
13018,7277.7,16.0,28.0,5435.0,1.0,8.600430789986293,insiders
15382,5955.71,14.0,6.0,4012.0,9.0,8.294799358992574,insiders
15903,5126.76,9.0,7.0,2410.0,1.0,7.786967002614872,insiders
15228,3386.71,66.0,4.0,2255.0,3.0,7.719573989259581,insiders
16182,6617.65,72.0,4.0,3791.0,0.0,8.240385115516334,insiders
12714,4294.86,9.0,5.0,3046.0,0.0,8.021584533455107,insiders
18172,7561.68,14.0,20.0,3184.0,14.0,8.061486866871327,insiders
18094,3017.3,81.0,7.0,2518.0,0.0,7.831220214604293,insiders
13285,2709.12,23.0,4.0,2051.0,0.0,7.62608275807238,insiders
16394,1555.34,56.0,5.0,2604.0,287.0,7.748028524432376,insiders
16940,3049.88,52.0,3.0,2169.0,0.0,7.682021510826875,insiders
15932,2495.87,4.0,8.0,2325.0,14.0,7.745435610274381,insiders
14004,4582.64,43.0,7.0,2668.0,0.0,7.889084407035514,insiders
17139,10668.47,15.0,12.0,5182.0,19.0,8.54927308487965,insiders
15974,3442.15,39.0,7.0,2262.0,6.0,7.721348612617949,insiders
16592,4113.68,4.0,16.0,2927.0,13.0,7.97728198675515,insiders
16841,1869.82,36.0,6.0,2250.0,16.0,7.711548979629146,insiders
15874,4405.88,63.0,7.0,2534.0,28.0,7.826443135456014,insiders
16187,6911.4400000000005,31.0,15.0,5048.0,44.0,8.517992871586802,insiders
14056,8214.65,1.0,23.0,4273.0,39.0,8.350902451694811,insiders
12428,6405.26,25.0,8.0,3509.0,32.0,8.153925132007862,insiders
15676,3435.76,18.0,3.0,2252.0,21.0,7.7102051944325325,insiders
15416,3984.32,64.0,4.0,2090.0,1.0,7.644440761556566,insiders
16678,3109.99,2.0,12.0,2397.0,27.0,7.7706452341291765,insiders
17426,5037.26,8.0,6.0,3094.0,12.0,8.033334015880062,insiders
17416,6893.42,29.0,7.0,4302.0,36.0,8.358431899031295,insiders
17652,4867.72,25.0,12.0,2509.0,30.0,7.8156105320351905,insiders
17107,10815.43,33.0,6.0,4837.0,300.0,8.420021279663963,insiders
15764,3279.97,88.0,6.0,2050.0,14.0,7.618742377670413,insiders
13340,10736.48,45.0,7.0,5770.0,0.0,8.660427359502146,insiders
12758,2791.59,116.0,2.0,2135.0,0.0,7.666221925662725,insiders
14367,9261.52,8.0,16.0,4438.0,28.0,8.391629968440892,insiders
17049,5659.9800000000005,2.0,9.0,2676.0,7.0,7.889459149404524,insiders
14936,8137.02,33.0,8.0,4085.0,2.0,8.314587291319576,insiders
14291,3883.25,1.0,11.0,2749.0,1.0,7.91862865334224,insiders
15632,3285.31,15.0,8.0,2109.0,60.0,7.6251071482389,insiders
13654,2707.33,43.0,6.0,2182.0,0.0,7.687997166393016,insiders
16652,6773.97,58.0,7.0,3283.0,16.0,8.09162741160107,insiders
15125,11528.48,25.0,15.0,6193.0,202.0,8.698013622083925,insiders
12901,17654.54,8.0,28.0,23075.0,1776.0,9.966415402238601,insiders
15150,5314.47,17.0,10.0,3658.0,25.0,8.197814032221203,insiders
12597,3195.22,19.0,4.0,2214.0,49.0,7.68017564043659,insiders
12435,7829.89,79.0,2.0,2055.0,0.0,7.628031126930335,insiders
12955,4757.16,1.0,11.0,3664.0,22.0,8.200288260287554,insiders
17716,5655.99,22.0,11.0,3072.0,68.0,8.007700012884026,insiders
13268,3192.65,17.0,10.0,3582.0,23.0,8.177234885510194,insiders
14422,4263.64,0.0,6.0,2906.0,0.0,7.974532844130228,insiders
17725,3439.08,16.0,11.0,2162.0,21.0,7.669028288589683,insiders
15861,3165.36,12.0,8.0,2544.0,1.0,7.841099765422119,insiders
14110,5683.15,3.0,12.0,2445.0,2.0,7.8009820712577405,insiders
16672,8134.9400000000005,2.0,20.0,2832.0,2.0,7.948031990637284,insiders
16626,4413.1,0.0,17.0,2690.0,20.0,7.8898337513942955,insiders
17133,4892.240000000001,15.0,7.0,2730.0,0.0,7.912056888179006,insiders
13985,7060.13,4.0,15.0,3445.0,8.0,8.142354276849835,insiders
16308,2560.0,37.0,4.0,8000.0,0.0,8.987196820661973,insiders
14607,15021.5,15.0,12.0,10734.0,3768.0,8.848796450925947,insiders
17966,1098.43,37.0,5.0,2571.0,0.0,7.852050207265889,insiders
13139,5064.94,16.0,7.0,2425.0,7.0,7.790696031174738,insiders
15249,6688.46,31.0,13.0,3577.0,20.0,8.176672771948455,insiders
17719,5396.04,37.0,15.0,2466.0,11.0,7.805882040228621,insiders
16253,3683.86,66.0,2.0,3233.0,0.0,8.081165777725433,insiders
13588,2478.95,15.0,9.0,2606.0,32.0,7.853216388156072,insiders
19343,21389.6,255.0,1.0,5963.0,0.0,8.693328989123106,insiders
13988,4147.96,19.0,6.0,3044.0,19.0,8.014666370464942,insiders
13316,5977.7300000000005,37.0,4.0,6948.0,0.0,8.846209127360996,insiders
12619,2945.56,16.0,8.0,3360.0,23.0,8.112827478751374,insiders
16609,5493.46,15.0,7.0,2420.0,10.0,7.787382026484701,insiders
16180,10254.18,100.0,8.0,5867.0,14.0,8.67470962929122,insiders
12949,4167.22,30.0,8.0,2381.0,18.0,7.767687277186908,insiders
17758,3456.7000000000003,19.0,8.0,2091.0,0.0,7.645397699428633,insiders
18272,3078.58,2.0,6.0,2050.0,6.0,7.622663951323595,insiders
14286,4628.75,23.0,3.0,4338.0,32.0,8.367764677924308,insiders
15251,10484.99,9.0,11.0,6171.0,87.0,8.713417653379183,insiders
17160,3518.03,31.0,6.0,2856.0,0.0,7.957177323459475,insiders
16729,7236.6,38.0,21.0,5779.0,12.0,8.659907293615413,insiders
18079,3651.97,45.0,4.0,7432.0,0.0,8.913550280493675,insiders
13505,3633.63,72.0,4.0,2467.0,25.0,7.80057265467065,insiders
14191,4684.76,1.0,13.0,3662.0,5.0,8.204398418149381,insiders
16258,5203.51,45.0,5.0,2994.0,0.0,8.004365564979574,insiders
14005,2874.72,9.0,5.0,2478.0,0.0,7.815207062189088,insiders
12700,4525.99,7.0,4.0,2944.0,0.0,7.987524479848767,insiders
16440,3640.67,7.0,5.0,2018.0,0.0,7.609862200913554,insiders
12590,9341.26,211.0,1.0,4282.0,4.0,8.361240889642351,insiders
12757,4199.2,15.0,9.0,2394.0,12.0,7.775695749915245,insiders
16818,3349.57,10.0,11.0,2164.0,2.0,7.6787889981991535,insiders
13555,4149.28,73.0,4.0,2660.0,0.0,7.886081401775745,insiders
15804,4206.39,0.0,13.0,2565.0,52.0,7.829232537543592,insiders
18073,3877.5200000000004,114.0,12.0,3108.0,10.0,8.038512020976814,insiders
13135,3096.0,196.0,1.0,4300.0,0.0,8.366370301681654,insiders
12473,2596.23,53.0,3.0,2419.0,71.0,7.761319180947987,insiders
13435,3809.8900000000003,5.0,7.0,2129.0,4.0,7.661527081358517,insiders
15152,4745.69,9.0,13.0,2704.0,10.0,7.898782356970309,insiders
17414,778.0,43.0,2.0,2100.0,0.0,7.649692623711514,insiders
14132,3586.0299999999997,2.0,11.0,3368.0,2.0,8.121480374750751,insiders
12409,11072.67,78.0,3.0,5551.0,8.0,8.620291149419804,insiders
14503,3543.26,3.0,6.0,2004.0,0.0,7.602900462204755,insiders
13384,4151.93,30.0,7.0,2422.0,7.0,7.789454566086673,insiders
17651,3945.0,11.0,10.0,3112.0,12.0,8.039157390473237,insiders
17444,2389.1,151.0,2.0,2118.0,0.0,7.658227526161352,insiders
14808,2741.17,39.0,8.0,2147.0,92.0,7.628031126930335,insiders
12830,6814.64,37.0,6.0,9848.0,0.0,9.19502366786429,insiders
12798,6977.04,10.0,3.0,5256.0,0.0,8.567125560164447,insiders
17750,1781.28,5.0,9.0,3906.0,0.0,8.270269111436624,insiders
17997,1970.6699999999998,74.0,8.0,2298.0,198.0,7.649692623711514,insiders
20369,7847.429999999999,163.0,1.0,4136.0,0.0,8.327484416188264,insiders
15505,3610.96,52.0,5.0,2390.0,42.0,7.761319180947987,insiders
14456,3059.44,5.0,9.0,2871.0,6.0,7.9603236291488395,insiders
12627,4082.53,10.0,6.0,2730.0,0.0,7.912056888179006,insiders
15372,2007.3999999999999,137.0,1.0,2924.0,0.0,7.980707820869669,insiders
16984,4481.35,88.0,2.0,2423.0,15.0,7.786551806428712,insiders
12378,4008.62,129.0,1.0,2529.0,0.0,7.835579246669965,insiders
20772,12172.09,120.0,1.0,2500.0,0.0,7.824046010856292,insiders
15786,4932.2,46.0,3.0,3364.0,33.0,8.11102783819368,insiders
12688,4873.8099999999995,113.0,1.0,3028.0,0.0,8.01565761455734,insiders
13644,2624.26,16.0,4.0,2067.0,7.0,7.630461261783627,insiders
14096,53258.43,4.0,17.0,16336.0,0.0,9.701126540404447,insiders
13949,2427.32,2.0,6.0,2474.0,0.0,7.813591552952433,insiders
14432,2255.51,9.0,6.0,2070.0,0.0,7.635303886259415,insiders
16360,3512.53,4.0,6.0,2144.0,16.0,7.662937850461535,insiders
18251,4314.72,87.0,1.0,7824.0,0.0,8.964951211714654,insiders
12752,4366.78,81.0,1.0,2262.0,0.0,7.724004656676065,insiders
15484,3594.31,1.0,4.0,3152.0,16.0,8.0507033814703,insiders
13536,3448.29,1.0,7.0,2136.0,0.0,7.666690200080086,insiders
17528,3628.5,1.0,8.0,2138.0,8.0,7.6638772587034705,insiders
17509,6115.14,57.0,8.0,3534.0,4.0,8.169053149927343,insiders
13685,3119.44,2.0,7.0,5056.0,0.0,8.528330935826693,insiders
17203,3563.85,35.0,6.0,2850.0,0.0,7.955074273262696,insiders
14121,2780.15,3.0,4.0,2082.0,4.0,7.639161171659173,insiders
12536,4279.71,59.0,1.0,2801.0,129.0,7.890582534656536,insiders
14547,4007.54,3.0,8.0,2668.0,10.0,7.885329239273191,insiders
15113,3608.94,9.0,3.0,2385.0,24.0,7.766840537085513,insiders
15993,2788.87,8.0,7.0,2045.0,9.0,7.618742377670413,insiders
21509,14855.529999999999,39.0,1.0,5197.0,0.0,8.555836815008442,insiders
12357,6207.67,33.0,1.0,2708.0,0.0,7.903965634032166,insiders
21600,52940.94,32.0,1.0,14149.0,0.0,9.557399229195953,insiders
21671,50653.91,25.0,1.0,13956.0,0.0,9.543664802306665,insiders
18139,8438.34,17.0,6.0,5557.0,0.0,8.622813673279921,insiders
21951,7848.73,4.0,1.0,2455.0,0.0,7.805882040228621,insiders
16000,12393.7,2.0,3.0,5110.0,0.0,8.53895468319775,insiders
21984,7150.07,1.0,1.0,2150.0,0.0,7.673223121121708,insiders
